head1_loss,head2_loss,loss,val_head1_loss,val_head2_loss,val_loss
612.1412868499756,0.528434420004487,612.6697254180908,621.1006774902344,0.14751636050641537,621.2481994628906
